,brand,model_name,screen_size,ram,rom,cams,sim_type,battary,sale_percentage,product_rating,seller_name,seller_score,seller_followers,Reviews
0,Tecno,Spark 10 Pro ,6.8,8.0,128.0,50MP + 2MP + 32MP,Dual,5000.0,43%,4.4,Minestar,86%,1002,No reviews
1,Infinix,Hot 30 Play ,6.82,8.0,128.0,16MP + 8MP,Dual,6000.0,22%,4.7,Tech Traders,86%,722,"[ (5 out of 5) GOOD ], [ (5 out of 5) I like it ], [ (5 out of 5) Like it! ], [ (5 out of 5) phone ], [ (5 out of 5) I love it ], [ (5 out of 5) Awesome! ], [ (4 out of 5) The Phone is great. ], [ (5 out of 5) I like it. ], [ (4 out of 5) Nice camera! However, put up 50MP main camera ], [ (4 out of 5) Like it so far! ]"
2,XIAOMI,Redmi A2 ,6.52,3.0,64.0,8MP + 5MP,Dual,5000.0,28%,3.8,Xiaomi Ecco World - AC,80%,36,"[ (5 out of 5) I like it ], [ (4 out of 5) I like it ], [ (4 out of 5) I like it ], [ (4 out of 5) fare perfomance ], [ (1 out of 5) not worthy ], [ (2 out of 5) Slow Charging ], [ (5 out of 5) redmi A2+ ]"
3,Tecno,Spark 10C ,6.6,4.0,128.0,16MP + 8MP,Dual,5000.0,35%,4.8,Minestar,86%,1002,"[ (5 out of 5) It's a good product ], [ (4 out of 5) smart watch  ], [ (5 out of 5) Cool ], [ (5 out of 5) product and service delivery ], [ (5 out of 5) I like it ], [ (5 out of 5) Very nice!! ], [ (5 out of 5) Techno spark 10 ]"
4,Infinix,Smart 7 HD ,6.6,2.0,64.0,8MP + 5MP,Dual,5000.0,27%,4.3,Tech Traders,86%,722,"[ (5 out of 5) I like it ], [ (5 out of 5) Good Product ], [ (5 out of 5) I love it ], [ (4 out of 5) I like it ], [ (4 out of 5) Like it ], [ (4 out of 5) Good ], [ (5 out of 5) I like it ], [ (5 out of 5) Battery  ], [ (5 out of 5) I love it ], [ (5 out of 5) battery health. ]"
5,XIAOMI,Redmi A2 ,6.52,2.0,32.0,8MP + 5MP,Dual,5000.0,20%,4.3,XIAOMI KE,100%,9268,"[ (5 out of 5) I lovei it ], [ (5 out of 5) smartphone ], [ (4 out of 5) She likes it. ], [ (5 out of 5) XIAOMI Redmi A2+ ], [ (5 out of 5) Perfect one ], [ (5 out of 5) I like it ], [ (4 out of 5) redmi A2 + ], [ (5 out of 5) I like it ]"
6,Freeyond,F9 ,6.52,4.0,64.0,3.0MP + 2.0MP + 8.0MP,Dual,5000.0,42%,4.6,FreeYond-COD,86%,443,"[ (5 out of 5) I love the phone ], [ (5 out of 5) i love it ], [ (5 out of 5) well deliverd ], [ (4 out of 5) works well ], [ (4 out of 5) Not bad ], [ (5 out of 5) power ], [ (5 out of 5) good ], [ (5 out of 5) internet ], [ (5 out of 5) i like it ], [ (5 out of 5) true ]"
7,Maxfone,MAX 80 Plus ,6.52,2.0,16.0,5MP + 8MP,Dual,5075.0,0,4.1,Modern Electronics,80%,18,No reviews
8,Infinix,Smart 7 HD ,6.6,2.0,64.0,8MP + 5MP,Dual,5000.0,24%,4.5,Tech Traders,86%,722,"[ (5 out of 5) camera ], [ (3 out of 5) Like it ], [ (5 out of 5) i love it ], [ (4 out of 5) I like it ], [ (4 out of 5) nice ], [ (5 out of 5) Excellent ], [ (5 out of 5) got what i ordered ], [ (4 out of 5) i liked it ], [ (5 out of 5) ???????? ], [ (5 out of 5) CONVINIENCY ]"
9,Freeyond,M5 ,6.52,8.0,128.0,50MP + 8.0MP + 2.0MP,Dual,5000.0,35%,4.1,FreeYond-COD,86%,443,"[ (1 out of 5) product specification ], [ (5 out of 5) I love it ], [ (5 out of 5) Perfect. ], [ (5 out of 5) I like it ], [ (5 out of 5) Love it ], [ (5 out of 5) A good phone with that price ], [ (3 out of 5) Just an okay phone ], [ (2 out of 5) I don't like it ], [ (5 out of 5) Excellent ], [ (1 out of 5) poor network ]"
10,Tecno,Pop 7 ,6.6,2.0,64.0,5MP + 8MP,Dual,5000.0,19%,4.4,Premium Phones-,100%,407,"[ (5 out of 5) I love it ], [ (5 out of 5) I like it ], [ (5 out of 5) I like it ], [ (4 out of 5) Very good ], [ (5 out of 5) A good device ], [ (4 out of 5) rate ], [ (5 out of 5) good phone ], [ (2 out of 5) good ], [ (4 out of 5) great ], [ (5 out of 5) Tecno Pop 7 ]"
11,Tecno,Pop 7 ,6.6,2.0,64.0,5MP + 8MP,Dual,5000.0,11%,4.4,Premium Phones-,100%,407,"[ (4 out of 5) Delivery process excellent ], [ (5 out of 5) i loved  it ], [ (4 out of 5) As described ], [ (4 out of 5) Nice phone ], [ (5 out of 5) Awesome one  ], [ (3 out of 5) Poor camera ], [ (5 out of 5) quality ]"
12,Infinix,Hot 30i ,6.56,4.0,128.0,13MP + 8MP,Dual,5000.0,29%,4.4,Tech Traders,86%,722,"[ (5 out of 5) Infinix hot30i ], [ (1 out of 5) Really poor phone ], [ (5 out of 5) I like it ], [ (5 out of 5) I like it ], [ (5 out of 5) Decent ], [ (5 out of 5) original ], [ (5 out of 5) i liked it ], [ (5 out of 5) Love it ], [ (4 out of 5) I like it ], [ (5 out of 5) BEST BUDGET ]"
13,XIAOMI,Redmi A2 ,6.52,2.0,32.0,8MP + 5MP,Dual,5000.0,23%,4.7,XIAOMI KE,100%,9268,"[ (5 out of 5) Fast, efficient and easier to operate. ], [ (5 out of 5) Loved it ], [ (5 out of 5) performance ], [ (5 out of 5) its the best ], [ (5 out of 5) I like it. ], [ (5 out of 5) Perfect! ], [ (5 out of 5) I like it. ], [ (5 out of 5) I love it ], [ (5 out of 5) I love it ], [ (5 out of 5) love  ]"
14,Tecno,Pop 7 Pro ,6.6,4.0,64.0,13MP + 5MP,Dual,5000.0,17%,4.7,Premium Phones-,100%,407,[ (5 out of 5) Good  ]
15,Huawei,P Smart ,6.21,6.0,128.0,13MP + 2MP + 8MP,Dual,0.0,44%,0.0,3C Market-COD,60%,22,No reviews
16,Tecno,Spark 10C ,6.6,4.0,128.0,16MP + 8MP,Dual,5000.0,18%,4.1,Premium Phones-,100%,407,"[ (5 out of 5) spark 10c ], [ (4 out of 5) product arrived in good condition ], [ (2 out of 5) Camera so poor ], [ (5 out of 5) very nice phone ], [ (5 out of 5) I like it ], [ (4 out of 5) Great ], [ (5 out of 5) PERFOMANCE ], [ (5 out of 5) Efficiency ], [ (5 out of 5) a good good ], [ (5 out of 5) Good specs ]"
17,Infinix,Hot 30i ,6.6,8.0,128.0,13MP + 8MP,Dual,5000.0,13%,4.6,Tech Traders,86%,722,"[ (5 out of 5) I like it 100% ], [ (5 out of 5) good best ], [ (5 out of 5) Good customer service at the pick up session ], [ (5 out of 5) Nice phone ]"
18,Infinix,Hot 30i ,6.6,12.0,128.0,13MP + 8MP,Dual,5000.0,1%,4.5,Kattason enterprise,94%,291,No reviews
19,Freeyond,F9 ,6.52,3.0,128.0,3.0MP + 2.0MP + 8.0MP,Dual,5000.0,48%,3.8,FreeYond-COD,86%,443,"[ (5 out of 5) its legit  ], [ (5 out of 5) Awesome for the money ], [ (2 out of 5) freeyond F9 ], [ (4 out of 5) I like it ], [ (3 out of 5) so far so good ], [ (4 out of 5) the phone is good but charger ni bure kabisa ]"
20,XIAOMI,Redmi 12 ,6.79,8.0,128.0,50MP + 8MP + 2MP + 8MP,Dual,5000.0,17%,5.0,XIAOMI KE,100%,9268,No reviews
21,Infinix,Smart 7 HD ,6.6,2.0,64.0,8MP + 5MP,Dual,5000.0,27%,4.0,Tech Traders,86%,722,No reviews
22,Nokia,C1 2nd Edition ,5.45,1.0,16.0,5MP + 5MP,Dual,0.0,34%,4.1,Kattason enterprise,94%,291,No reviews
23,XIAOMI,Redmi Note 12 ,6.67,6.0,128.0,50MP + 8MP + 2MP,Dual,0.0,22%,4.6,XIAOMI KE,100%,9268,"[ (5 out of 5) like it ], [ (5 out of 5) Excellent phone ], [ (5 out of 5) best phone best price ], [ (5 out of 5) Features ], [ (5 out of 5) Its perfect ], [ (5 out of 5) I love it! ]"
24,XIAOMI,Redmi 12 ,6.79,8.0,256.0,50MP + 8MP + 2MP + 8MP,Dual,5000.0,16%,0.0,XIAOMI KE,100%,9268,No reviews
25,Infinix,Smart 7 Plus ,6.6,3.0,64.0,13MP + 5MP,Dual,6000.0,17%,4.2,Tech Traders,86%,722,"[ (5 out of 5) its perfect for its secs ], [ (5 out of 5) infinix smart 7 ], [ (5 out of 5) working perfectly ], [ (5 out of 5) Superb ], [ (4 out of 5) nice one ], [ (1 out of 5) OVERHEATING  ], [ (5 out of 5) I like it ], [ (4 out of 5) perfect  ], [ (5 out of 5) amazing ], [ (4 out of 5) Review ]"
26,Samsung,Galaxy A04 ,6.5,4.0,64.0,50MP + 2MP + 2MP + 5MP,Dual,5000.0,16%,4.4,Samsung Ecco World -,100%,177,"[ (5 out of 5) I like it ], [ (5 out of 5) Love it ], [ (5 out of 5) Delivery & packaging ], [ (5 out of 5) I just love this phone ], [ (5 out of 5) lovely battery life ], [ (5 out of 5) I like it ], [ (5 out of 5) I love it ], [ (5 out of 5) Best smartphone ], [ (5 out of 5) samsung Ao4 ], [ (5 out of 5) Samsung A04 ]"
27,Samsung,Galaxy A14 ,6.6,4.0,64.0,50MP + 5MP + 2MP + 2MP + 13MP,Dual,5000.0,45%,2.8,Minestar,86%,1002,[ (3 out of 5) I liked the phone ]
28,Samsung,Galaxy A14 4G ,6.6,4.0,64.0,50MP + 2MP + 2MP + 13MP,Dual,5000.0,33%,4.7,Samsung Ecco World -,100%,177,"[ (5 out of 5) Galaxy A14 ], [ (4 out of 5) I like it ], [ (5 out of 5) Device performance ], [ (4 out of 5) i like it ], [ (5 out of 5) Good camera ], [ (5 out of 5) i like it ], [ (5 out of 5) I love it ]"
29,Infinix,Hot 30 Play ,6.82,8.0,128.0,16MP + 8MP,Dual,6000.0,22%,4.4,Tech Traders,86%,722,"[ (5 out of 5) meets my expectations ], [ (5 out of 5) I like it ], [ (5 out of 5) I LIKE IT ], [ (3 out of 5) I like it ], [ (5 out of 5) i like it ], [ (5 out of 5) Fabulous???????? ], [ (5 out of 5) I LIKE IT ], [ (5 out of 5) great ], [ (3 out of 5) I have mixed feelings. ], [ (5 out of 5) I love it ]"
30,XIAOMI,Redmi Note 12S ,6.67,8.0,256.0,108MP + 8MP + 2MP + 16MP,Dual,0.0,18%,5.0,XIAOMI KE,100%,9268,[ (5 out of 5) I like it ]
31,XIAOMI,Redmi 12c ,6.71,6.0,128.0,50MP + 0.08MP + 5MP,Dual,5000.0,22%,5.0,Xiaomi Ecco World - AC,80%,36,[ (5 out of 5) LOVE IT ]
32,Tecno,Spark 10 ,6.6,8.0,128.0,50MP + 8MP + 50MP,Dual,5000.0,23%,4.5,Minestar,86%,1002,"[ (5 out of 5) nice ], [ (5 out of 5) I like it. Thank you!! ], [ (5 out of 5) wonderful  ]"
33,Nokia,C12 ,6.3,2.0,64.0,8MP + 5MP,Dual,3000.0,28%,4.4,Samsung Ecco World -,100%,177,"[ (4 out of 5) Good value ], [ (5 out of 5) It's modest phone ], [ (5 out of 5) Specs ]"
34,Infinix,Smart 7 HD ,6.6,2.0,64.0,8MP + 5MP,Dual,5000.0,27%,5.0,Tech Traders,86%,722,[ (5 out of 5) I like it ]
35,Tecno,Pop 7 ,6.6,2.0,64.0,5MP + 8MP,Dual,5000.0,19%,4.2,Premium Phones-,100%,407,"[ (5 out of 5) I like it ], [ (5 out of 5) Great  ], [ (5 out of 5) I like it ], [ (5 out of 5) camera and space  ], [ (3 out of 5) Somewhat what I expected ], [ (5 out of 5) speed ], [ (5 out of 5) excellent ], [ (2 out of 5) exactly ], [ (5 out of 5) I love it ]"
36,Samsung,Galaxy A03 Core ,6.5,2.0,32.0,8MP + 5MP,Dual,5000.0,41%,4.8,Minestar,86%,1002,"[ (5 out of 5) I like the phone ], [ (5 out of 5) great phone so far ], [ (5 out of 5) I love it ]"
37,Infinix,SMART 7 PLUS Type C ,6.6,9.0,64.0,13MP,Dual,6000.0,1%,4.0,Tycoon enterprises,94%,305,No reviews
38,Tecno,Spark 10C ,6.6,8.0,128.0,16MP + 8MP,Dual,5000.0,43%,5.0,Minestar,86%,1002,No reviews
39,Samsung,Galaxy A04 ,6.5,4.0,64.0,50MP + 2MP + 2MP + 5MP,Dual,5000.0,36%,4.2,CELLINY COLLECTIONS,74%,967,No reviews
40,Oppo,A58 ,6.72,6.0,128.0,50MP + 2MP + 8MP,Dual,5000.0,35%,4.5,Minestar,86%,1002,No reviews
41,Samsung,Galaxy A14 ,6.6,4.0,64.0,50MP + 5MP + 2MP + 2MP + 13MP,Dual,5000.0,46%,4.7,Minestar,86%,1002,No reviews
42,XIAOMI,Redmi 12 ,6.79,8.0,256.0,50MP + 8MP + 2MP + 8MP,Dual,5000.0,16%,0.0,XIAOMI KE,100%,9268,No reviews
43,Samsung,Galaxy A03 Core ,6.5,2.0,32.0,8MP + 5MP,Dual,5000.0,4%,4.4,Minestar,86%,1002,"[ (5 out of 5) Great Products ], [ (5 out of 5) I like it ], [ (5 out of 5) LOVE IT ], [ (5 out of 5) Nice phone ]"
44,Oppo,A78 ,6.43,8.0,256.0,50MP,Dual,0.0,3%,4.5,Gaff Electronics Kenya,94%,165,"[ (5 out of 5) Excellent phone. ], [ (5 out of 5) Nice phone. ], [ (3 out of 5) I like it ]"
45,Infinix,Hot 30 Play ,6.82,8.0,128.0,16MP + 8MP,Dual,6000.0,22%,4.4,Tech Traders,86%,722,"[ (5 out of 5) meets my expectations ], [ (5 out of 5) I like it ], [ (5 out of 5) I LIKE IT ], [ (3 out of 5) I like it ], [ (5 out of 5) i like it ], [ (5 out of 5) Fabulous???????? ], [ (5 out of 5) I LIKE IT ], [ (5 out of 5) great ], [ (3 out of 5) I have mixed feelings. ], [ (5 out of 5) I love it ]"
46,Tecno,Spark 10C ,6.6,12.0,128.0,16MP + 2MP,Dual,5000.0,1%,4.3,BIG VIEW,100%,68,[ (4 out of 5) I like it ]
47,Tecno,Spark 10 ,6.6,8.0,128.0,50MP + 8MP + 50MP,Dual,5000.0,23%,4.5,Minestar,86%,1002,"[ (5 out of 5) nice ], [ (5 out of 5) I like it. Thank you!! ], [ (5 out of 5) wonderful  ]"
48,Tecno,Spark 10 Pro ,6.8,16.0,256.0,50MP + 2MP + 32MP,Dual,5000.0,34%,0.0,Minestar,86%,1002,No reviews
49,Samsung,Galaxy A04s ,6.5,4.0,128.0,50MP + 2MP + 2MP + 5MP,Dual,5000.0,31%,4.1,Samsung Ecco World -,100%,177,"[ (5 out of 5) Good ], [ (4 out of 5) I like it ], [ (4 out of 5) display light ], [ (2 out of 5) charging system ], [ (5 out of 5) it's features ], [ (5 out of 5) perfect ], [ (3 out of 5) samsung A04s ], [ (5 out of 5) I like it ], [ (4 out of 5) I love it ]"
50,Infinix,Note 12i ,6.82,4.0,128.0,50MP + 2MP + 2MP + 8MP,Dual,5000.0,23%,4.7,SmartNets Enterprises,74%,249,"[ (4 out of 5) It's alright ], [ (5 out of 5) Enjoying every bit of my Note 12i ]"
51,Tecno,CAMON 20 ,6.67,8.0,256.0,32MP + 64MP + 2MP,Dual,5000.0,30%,0.0,SmartNets Enterprises,74%,249,No reviews
52,Infinix,Hot 30 Play ,6.82,8.0,128.0,16MP + 8MP,Dual,6000.0,22%,0.0,CELLINY COLLECTIONS,74%,967,No reviews
53,Samsung,Galaxy A14 ,6.6,4.0,64.0,50MP + 5MP + 2MP + 2MP + 13MP,Dual,5000.0,44%,5.0,Minestar,86%,1002,[ (5 out of 5) samsung a14 ]
54,Samsung,Galaxy S8 ,5.8,4.0,64.0,12MP + 8MP,Single,0.0,38%,3.7,mzazi tech hub,54%,97,"[ (4 out of 5) perfect ], [ (5 out of 5) Samsung Galaxy s8 ], [ (4 out of 5) S8 plain ], [ (4 out of 5) I like it. ]"
55,XIAOMI,Redmi Note 12s ,6.43,8.0,256.0,108MP + 8MP + 2MP + 12MP,Dual,5000.0,1%,4.6,KM KENYA ELECTRONICS,80%,1467,No reviews
56,XIAOMI,Redmi Note 12 ,6.67,4.0,128.0,50MP + 8MP + 2MP,Dual,0.0,25%,4.5,Minestar,86%,1002,No reviews
57,Tecno,CAMON 20 ,6.67,8.0,256.0,32MP + 64MP + 2MP,Dual,5000.0,30%,0.0,Minestar,86%,1002,No reviews
58,Infinix,Smart 7 HD ,6.6,2.0,64.0,8MP + 5MP,Dual,5000.0,24%,0.0,MNI NabŘi Dealers,60%,17,No reviews
59,Oppo,A78 4G ,6.43,8.0,256.0,50MP + 8MP,Dual,5000.0,13%,0.0,SmartNets Enterprises,74%,249,No reviews
60,Tecno,Spark 10C ,6.6,4.0,128.0,16MP + 8MP,Dual,5000.0,33%,5.0,Minestar,86%,1002,[ (5 out of 5) i love it ]
61,Oppo,A78 4G ,6.43,16.0,256.0,50MP + 8MP,Dual,5000.0,32%,4.5,Minestar,86%,1002,No reviews
62,Oppo,A78 ,6.43,8.0,256.0,50MP,Dual,0.0,3%,0.0,Gaff Electronics Kenya,94%,165,No reviews
63,Samsung,Galaxy A54 5G ,6.4,8.0,256.0,50MP + 12MP + 5MP + 32MP,Dual,5000.0,21%,4.0,Samsung Ecco World -,100%,177,No reviews
64,Sowhat,Find 30 ,6.6,2.0,32.0,5MP + 13MP,Dual,4000.0,15%,2.0,Sowhat Mobiles,80%,4,[ (2 out of 5) I don't like it at all ]
65,Samsung,Galaxy A24 4G ,6.5,6.0,128.0,50MP + 5MP + 2MP + 13MP,Dual,5000.0,15%,4.5,t markets,98%,3,"[ (4 out of 5) I love it ], [ (4 out of 5) Quality ]"
66,Oppo,A58 ,6.72,6.0,128.0,50MP + 2MP + 8MP,Dual,5000.0,29%,5.0,Minestar,86%,1002,[ (5 out of 5) I adore it ]
67,Samsung,Galaxy M14 5G ,6.6,6.0,128.0,50MP + 2MP + 2MP + 13MP,Dual,6000.0,25%,3.0,KM KENYA ELECTRONICS,80%,1467,No reviews
68,Tecno,CAMON 20 ,6.67,8.0,256.0,32MP + 64MP + 2MP,Dual,5000.0,28%,5.0,SmartNets Enterprises,74%,249,[ (5 out of 5) Good ]
69,Infinix,Note 30 4G ,6.66,8.0,256.0,64MP + 16MP,Dual,5000.0,28%,4.5,Tech Traders,86%,722,[ (4 out of 5) I live it ]
70,Tecno,CAMON 20 ,6.67,8.0,256.0,32MP + 64MP + 2MP,Dual,5000.0,29%,4.5,Minestar,86%,1002,No reviews
71,Samsung,Galaxy A03 Core ,6.5,2.0,32.0,8MP + 5MP,Dual,5000.0,5%,4.1,Minestar,86%,1002,No reviews
72,Oppo,A58 ,6.72,6.0,128.0,50MP + 2MP + 8MP,Dual,0.0,17%,5.0,Amira Store,100%,219,No reviews
73,Tecno,CAMON 20 ,6.67,8.0,256.0,32MP + 64MP + 2MP,Dual,5000.0,29%,5.0,SmartNets Enterprises,74%,249,No reviews
74,Samsung,Galaxy A14 4G ,6.6,4.0,64.0,50MP + 2MP + 2MP + 13MP,Dual,5000.0,28%,0.0,Samsung Ecco World -,100%,177,No reviews
75,Samsung,Galaxy A04 ,6.5,4.0,64.0,5MP,Dual,5000.0,20%,0.0,Samsung Ecco World -,100%,177,No reviews
76,Tecno,Spark 10C ,6.6,8.0,128.0,16MP + 2MP,Dual,5000.0,33%,4.0,Minestar,86%,1002,No reviews
77,Samsung,Galaxy A14 ,6.6,4.0,128.0,50MP + 2MP + 2MP + 13MP,Dual,5000.0,43%,0.0,Sysnex,86%,27,No reviews
78,Infinix,Smart 7 HD ,6.6,6.0,64.0,8MP + 5MP,Dual,5000.0,17%,3.9,BIG VIEW,100%,68,No reviews
79,Tecno,CAMON 20 Pro ,6.67,8.0,256.0,32MP + 64MP,Dual,5000.0,10%,0.0,CELLINY COLLECTIONS,74%,967,No reviews
80,Realme,C55 ,6.72,8.0,256.0,64MP,Dual,5000.0,10%,5.0,CELLINY COLLECTIONS,74%,967,[ (5 out of 5) I like it ]
81,Nokia,C32 ,6.5,7.0,64.0,50MP + 2MP + 8MP,Dual,0.0,8%,0.0,Minestar,86%,1002,No reviews
82,XIAOMI,Redmi A2 ,6.52,3.0,64.0,8MP + 5MP,Dual,5000.0,16%,0.0,XIAOMI KE,100%,9268,No reviews
83,Samsung,Galaxy A24 4G ,6.5,6.0,128.0,50MP + 5MP + 2MP + 13MP,Dual,5000.0,0,4.0,Iconcept mobile,94%,103,No reviews
84,Sowhat,Find 40 ,6.6,2.0,32.0,5MP + 13MP,Dual,4000.0,23%,1.0,Sowhat Mobiles,80%,4,[ (1 out of 5) Disappointed with the return process ]
85,Oppo,A17K ,6.56,3.0,64.0,8MP + 2MP + 5MP,Dual,5000.0,15%,5.0,Minestar,86%,1002,No reviews
86,Samsung,Galaxy A04 ,6.5,4.0,64.0,5MP,Dual,5000.0,20%,0.0,Samsung Ecco World -,100%,177,No reviews
87,Samsung,Galaxy A23 ,6.6,8.0,128.0,50MP + 5MP + 2MP + 2MP + 8MP,Dual,5000.0,15%,0.0,KM KENYA ELECTRONICS,80%,1467,No reviews
88,Samsung,Galaxy A03 Core ,6.5,2.0,32.0,8MP + 5MP,Dual,5000.0,5%,4.5,Minestar,86%,1002,No reviews
89,Oppo,A17K ,6.56,3.0,64.0,8MP + 2MP + 5MP,Dual,5000.0,17%,4.5,Minestar,86%,1002,No reviews
90,Samsung,Galaxy F14 5G ,6.6,6.0,128.0,13MP + 50MP + 2MP + 2MP,Dual,6000.0,23%,0.0,CELLINY COLLECTIONS,74%,967,No reviews
91,Samsung,Galaxy A14 4G ,6.6,4.0,128.0,50MP + 2MP + 2MP + 13MP,Dual,5000.0,1%,0.0,Kattason enterprise,94%,291,No reviews
92,Infinix,SMART 7 PLUS Type C ,6.6,9.0,64.0,13MP,Dual,6000.0,1%,4.2,Tycoon enterprises,94%,305,No reviews
93,Tecno,Spark 10 ,6.6,8.0,128.0,50MP + 8MP + 50MP,Dual,5000.0,24%,0.0,Minestar,86%,1002,No reviews
94,Oppo,A58 ,6.72,6.0,128.0,50MP + 2MP + 8MP,Dual,5000.0,33%,0.0,Minestar,86%,1002,No reviews
95,Maxfone,MAX 30s ,6.55,1.0,8.0,8MP + 5MP,Dual,3750.0,13%,0.0,Modern Smartphones,86%,24,No reviews
96,Oppo,Reno 10 5G ,6.7,8.0,256.0,64MP + 32MP + 8MP + 32MP,Dual,5000.0,32%,0.0,Minestar,86%,1002,No reviews
97,XIAOMI,Redmi Note 12 Pro ,6.67,8.0,128.0,108MP + 8MP + 2MP + 2MP + 16MP,Dual,5000.0,22%,5.0,KM KENYA ELECTRONICS,80%,1467,"[ (5 out of 5) Very fast ,good camera. Just the best. ]"
98,Realme,C55 ,6.72,8.0,256.0,64MP,Dual,5000.0,26%,0.0,Minestar,86%,1002,No reviews
99,Samsung,Galaxy A14 4G ,6.6,4.0,128.0,50MP + 2MP + 2MP + 13MP,Dual,5000.0,33%,5.0,Avenue Phones,100%,696,No reviews
100,Tecno,Spark 10C ,6.6,8.0,128.0,16MP + 2MP,Dual,5000.0,33%,4.0,Minestar,86%,1002,No reviews
101,Tecno,CAMON 20 Pro 4G Mr Doodle Edition ,6.67,16.0,256.0,32MP + 64MP + 2MP,Dual,5000.0,29%,0.0,Minestar,86%,1002,No reviews
102,Tecno,Spark 10 Pro ,6.8,8.0,128.0,32MP,Dual,5000.0,26%,5.0,Premium Phones-,100%,407,No reviews
103,Maxfone,MAX80 Plus ,6.52,2.0,16.0,5MP + 8MP,Dual,5075.0,22%,3.8,Modern Electronics,80%,18,No reviews
104,Tecno,Pop 7 ,6.6,2.0,64.0,5MP + 8MP,Dual,5000.0,8%,4.3,Sammark Communication,94%,1254,"[ (3 out of 5) I love it ], [ (4 out of 5) The phone is good ], [ (1 out of 5) Don't like ..... ], [ (4 out of 5) I LIKE IT ], [ (5 out of 5) Like it ]"
105,XIAOMI,Redmi Note 12 ,6.67,4.0,128.0,50MP + 8MP + 2MP + 13MP,Dual,5000.0,36%,4.3,KM KENYA ELECTRONICS,80%,1467,No reviews
106,Samsung,Galaxy A03 Core ,6.5,2.0,32.0,8MP + 5MP,Dual,5000.0,43%,4.3,Minestar,86%,1002,"[ (5 out of 5) i like it ], [ (2 out of 5) i dont like it ], [ (5 out of 5) Good ], [ (3 out of 5) Samsung galaxy A03 Core ], [ (1 out of 5) Deceptive advertising! ], [ (5 out of 5) All good. ]"
107,Tecno,Pop 7 ,6.6,2.0,64.0,5MP + 8MP,Dual,5000.0,8%,5.0,Sammark Communication,94%,1254,[ (5 out of 5) absolutely fantastic ]
108,Infinix,Hot 30 Play ,6.82,8.0,128.0,16MP + 8MP,Dual,6000.0,22%,3.5,CELLINY COLLECTIONS,74%,967,"[ (1 out of 5) Wrong item shipped ], [ (5 out of 5) I like your items so much ]"
109,Samsung,Galaxy A23 ,6.6,4.0,128.0,50MP + 5MP + 2MP + 2MP + 50MP + 5MP + 2MP + 2MP + 8MP,Dual,0.0,0,0.0,midland electronics,100%,18,No reviews
110,Infinix,Smart 7 Plus ,6.6,3.0,64.0,13MP + 5MP,Dual,6000.0,17%,4.3,Tech Traders,86%,722,"[ (4 out of 5) I like it ???? ], [ (4 out of 5) i like it ], [ (5 out of 5) I like it ], [ (5 out of 5) I like it ], [ (5 out of 5) Great deal mommy now enjoying my gift ], [ (5 out of 5) i love it ], [ (5 out of 5) Infinix smart 7 Plus ], [ (5 out of 5) Just as odered ]"
111,Samsung,Galaxy NOTE 10 ,6.8,12.0,256.0,12MP + 12MP + 16MP + 10MP,Single,0.0,20%,5.0,The Sleek Gadgets,66%,27,No reviews
112,Samsung,Galaxy A03 Core ,6.5,2.0,32.0,8MP + 5MP,Dual,5000.0,6%,4.6,Minestar,86%,1002,"[ (5 out of 5) I like it ], [ (5 out of 5) It's good ], [ (4 out of 5) samsung galaxy A03 ], [ (4 out of 5) I like it ], [ (5 out of 5) I like it ], [ (5 out of 5) Beyond my expectations it was. ], [ (5 out of 5) Phone works well. The airpods don't work well ], [ (5 out of 5) Samsung GalaxyA03 core ], [ (5 out of 5) Good ], [ (5 out of 5) Awesome ]"
113,Samsung,Galaxy S21 5G ,6.2,8.0,128.0,64MP + 12MP + 12MP + 10MP,Single,0.0,20%,0.0,The Sleek Gadgets,66%,27,No reviews
114,Infinix,Hot 30i ,6.6,4.0,128.0,13MP + 8MP,Dual,5000.0,12%,5.0,Superfly,74%,284,[ (5 out of 5) Best of the best ]
115,Samsung,Galaxy A34 5G ,6.6,6.0,128.0,48MP + 8MP + 5MP + 13MP,Dual,5000.0,14%,0.0,Superfly,74%,284,No reviews
116,Oppo,A98 5G ,6.72,8.0,256.0,64MP + 2MP + 2MP + 32MP,Dual,5000.0,12%,0.0,Superfly,74%,284,No reviews
117,Oppo,A17 ,6.56,4.0,64.0,50MP + 5MP,Dual,0.0,31%,0.0,NGALA STORE,94%,123,No reviews
118,Tecno,POP 7 Pro ,6.6,11.0,64.0,5MP + 13MP,Dual,0.0,30%,0.0,KM KENYA ELECTRONICS,80%,1467,No reviews
119,Tecno,Spark 10 Pro ,6.8,8.0,256.0,50MP + 2MP + 32MP,Dual,5000.0,38%,5.0,Minestar,86%,1002,[ (5 out of 5) Good ]
120,Samsung,Galaxy M13 ,6.6,6.0,128.0,50MP + 5MP + 2MP + 8MP,Dual,0.0,5%,0.0,Superfly,74%,284,No reviews
121,XIAOMI,Redmi 10C ,6.7,4.0,128.0,5MP,Dual,0.0,1%,0.0,CELLINY COLLECTIONS,74%,967,No reviews
122,Nokia,C12 ,6.3,2.0,64.0,8MP + 5MP,Dual,3000.0,18%,0.0,SmartNets Enterprises,74%,249,No reviews
123,Maxfone,MaxfoneMax 80plus 5075mAh Inbuilt battery ,6.52,2.0,16.0,5MP + 8MP,Dual,5075.0,35%,0.0,Made Familiar,54%,1,No reviews
124,Maxfone,MAX 5X ,6.1,1.0,8.0,5MP + 5MP,Dual,3200.0,36%,0.0,Nytel Solutions,54%,131,No reviews
125,Samsung,Galaxy A34 5G ,6.6,6.0,128.0,48MP + 8MP + 5MP + 13MP,Dual,5000.0,14%,5.0,CELLTIC CORNER,100%,592,No reviews
126,Nokia,C32 ,6.5,7.0,64.0,50MP + 2MP + 8MP,Dual,0.0,4%,5.0,Minestar,86%,1002,"[ (5 out of 5) Great phone ], [ (5 out of 5) I like it ], [ (5 out of 5) Nice Phone ]"
127,Samsung,Galaxy A14 4G ,6.6,4.0,128.0,50MP + 2MP + 2MP + 13MP,Dual,5000.0,33%,4.5,Avenue Phones,100%,696,No reviews
128,XIAOMI,XIAOMI 10A ,6.53,6.0,128.0,13MP + 5MP,Dual,5000.0,19%,0.0,IT  Solution,60%,49,No reviews
129,Oppo,A15s Renewed ,6.52,6.0,128.0,13MP + 2MP + 2MP + 8MP,Dual,4230.0,30%,0.0,Badili Phones,66%,110,No reviews
130,Tecno,Spark 10C ,6.6,12.0,128.0,16MP + 2MP,Dual,5000.0,17%,3.8,BIG VIEW,100%,68,No reviews
131,Tecno,Spark 10 ,6.6,8.0,128.0,50MP + 8MP + 50MP,Dual,5000.0,23%,4.1,Minestar,86%,1002,No reviews
132,Samsung,Galaxy A24 4G ,6.5,4.0,128.0,50MP + 5MP + 2MP + 13MP,Dual,5000.0,33%,0.0,Samsung Ecco World -,100%,177,No reviews
133,Samsung,Galaxy A14 4G ,6.6,4.0,128.0,50MP + 2MP + 2MP + 13MP,Dual,5000.0,13%,0.0,NGALA STORE,94%,123,No reviews
134,Infinix,Hot 30 Play ,6.82,8.0,128.0,16MP + 8MP,Dual,6000.0,22%,0.0,CELLINY COLLECTIONS,74%,967,No reviews
135,Samsung,Galaxy S8 ,5.8,4.0,64.0,12MP + 8MP,Single,0.0,38%,3.7,mzazi tech hub,54%,97,"[ (4 out of 5) perfect ], [ (5 out of 5) Samsung Galaxy s8 ], [ (4 out of 5) S8 plain ], [ (4 out of 5) I like it. ]"
136,Infinix,Smart 7 Plus ,6.6,9.0,64.0,13MP + 5MP,Dual,6000.0,32%,0.0,KM KENYA ELECTRONICS,80%,1467,No reviews
137,Tecno,CAMON 20 ,6.67,8.0,256.0,32MP + 64MP + 2MP,Dual,5000.0,30%,0.0,Minestar,86%,1002,No reviews
138,XIAOMI,Redmi Note 12 ,6.67,6.0,128.0,50MP + 8MP + 2MP,Dual,0.0,20%,0.0,Minestar,86%,1002,No reviews
139,Realme,C55 ,6.72,8.0,256.0,64MP,Dual,5000.0,25%,5.0,Minestar,86%,1002,No reviews
140,Samsung,Galaxy S10 Plus Renewed ,6.4,8.0,128.0,76MP + 12MP + 12MP + 16MP + 10MP + 8MP,Single,4100.0,0,0.0,Badili Phones,66%,110,No reviews
141,Oppo,F11 Renewed ,6.5,6.0,64.0,72MP + 48MP + 5MP + 16MP,Dual,4020.0,0,0.0,Badili Phones,66%,110,No reviews
142,Samsung,Galaxy F23 5G ,6.6,6.0,128.0,50MP + 8MP + 2MP + 8MP,Dual,0.0,10%,5.0,Superfly,74%,284,[ (5 out of 5) Great ]
143,Samsung,Galaxy M13 ,6.6,6.0,128.0,50MP + 5MP + 2MP + 8MP,Dual,5000.0,10%,4.4,KM KENYA ELECTRONICS,80%,1467,"[ (5 out of 5) I like it ], [ (5 out of 5) Good quality ], [ (5 out of 5) Working well ], [ (5 out of 5) perfect ???? ]"
144,Infinix,NOTE 30 ,6.66,8.0,256.0,64MP + 2MP,Dual,0.0,47%,0.0,CELLINY COLLECTIONS,74%,967,No reviews
145,Tecno,Spark 9PRO ,6.6,4.0,128.0,50MP + 32MP,Dual,5000.0,43%,0.0,CELLINY COLLECTIONS,74%,967,No reviews
146,Samsung,Galaxy A04e ,6.5,3.0,32.0,13MP + 2MP + 5MP,Dual,0.0,29%,0.0,Minestar,86%,1002,No reviews
147,Nokia,C12 ,6.3,2.0,64.0,8MP + 5MP,Dual,3000.0,22%,5.0,CELLINY COLLECTIONS,74%,967,No reviews
148,Oppo,Reno 10 Pro 5G ,6.7,12.0,256.0,50MP + 32MP + 8MP + 32MP,Dual,4600.0,14%,0.0,CELLINY COLLECTIONS,74%,967,No reviews
149,Nokia,G11 Plus ,6.52,4.0,64.0,50MP + 2MP + 8MP,Dual,0.0,32%,0.0,Little Angels,40%,1014,No reviews
150,Oppo,A17K ,6.56,3.0,64.0,8MP + 2MP + 5MP,Dual,5000.0,15%,0.0,Minestar,86%,1002,No reviews
151,Oppo,A58 Display ,6.72,6.0,128.0,0/2MP + 8MP,Dual,5000.0,26%,0.0,Kingsly,74%,287,No reviews
152,Tecno,CAMON 20 ,6.67,8.0,256.0,32MP + 64MP + 2MP,Dual,5000.0,25%,5.0,SmartNets Enterprises,74%,249,No reviews
153,Samsung,Galaxy F13 ,6.6,4.0,128.0,50MP + 5MP + 2MP + 8MP,Dual,6000.0,22%,4.5,KM KENYA ELECTRONICS,80%,1467,No reviews
154,Tecno,Spark 10 Pro ,6.8,8.0,256.0,50MP + 2MP + 32MP,Dual,5000.0,38%,5.0,Minestar,86%,1002,[ (5 out of 5) Good ]
155,Tecno,CAMON 20 Pro 4G Mr Doodle Edition ,6.67,8.0,256.0,32MP + 64MP + 2MP,Dual,5000.0,29%,0.0,Kingsly,74%,287,No reviews
156,Tecno,Spark 10 ,6.6,16.0,128.0,50MP + 8MP + 50MP,Dual,5000.0,24%,0.0,Minestar,86%,1002,No reviews
157,Oppo,A17K ,6.56,3.0,64.0,8MP,Dual,5000.0,44%,0.0,KM KENYA ELECTRONICS,80%,1467,No reviews
158,Sowhat,Find 40 ,6.6,2.0,32.0,5MP + 13MP,Dual,4000.0,23%,2.0,Sowhat Mobiles,80%,4,No reviews
159,Sowhat,Find 40 ,6.6,2.0,32.0,5MP + 13MP,Dual,4000.0,23%,0.0,Sowhat Mobiles,80%,4,No reviews
160,Tecno,CAMON 20 ,6.67,8.0,256.0,32MP + 64MP + 2MP,Dual,5000.0,30%,0.0,SmartNets Enterprises,74%,249,No reviews
161,Samsung,Galaxy A34 5G ,6.6,6.0,128.0,48MP + 8MP + 5MP + 13MP,Dual,5000.0,0,0.0,Iconcept mobile,94%,103,No reviews
162,XIAOMI,Redmi A2 ,6.52,3.0,64.0,8MP + 5MP,Dual,5000.0,16%,0.0,XIAOMI KE,100%,9268,No reviews
163,Nokia,C12 ,6.3,2.0,64.0,8MP + 5MP,Dual,3000.0,9%,4.4,Superfly,74%,284,[ (5 out of 5) I like the phone. ]
164,Tecno,Spark 10 Pro ,6.8,16.0,256.0,50MP + 2MP + 32MP,Dual,5000.0,33%,0.0,Minestar,86%,1002,No reviews
165,Oppo,A17 ,6.56,4.0,64.0,50MP + 2MP + 5MP,Dual,0.0,46%,0.0,Minestar,86%,1002,No reviews
166,Tecno,Spark 10 Pro ,6.8,16.0,256.0,50MP + 2MP + 32MP,Dual,5000.0,33%,0.0,Minestar,86%,1002,No reviews
167,Apple,IPhone 15 Pro ,6.1,8.0,256.0,48MP + 12MP + 12MP + 12MP + 12MP,Single,3274.0,0,0.0,CELLTIC CORNER,100%,592,No reviews
168,Oppo,A18 ,6.56,4.0,128.0,8MP + 2MP + 5MP,Dual,5000.0,32%,0.0,Minestar,86%,1002,No reviews
169,Tecno,CAMON 20 ,6.67,8.0,256.0,32MP + 64MP + 2MP,Dual,5000.0,30%,0.0,Minestar,86%,1002,No reviews
170,Tecno,Spark 10C ,6.6,8.0,128.0,16MP + 2MP,Dual,5000.0,40%,0.0,Minestar,86%,1002,No reviews
171,Sowhat,Find 40 ,6.6,2.0,32.0,5MP + 13MP,Dual,4000.0,23%,2.0,Sowhat Mobiles,80%,4,No reviews
172,Sowhat,Find 40 ,6.6,2.0,32.0,5MP + 13MP,Dual,4000.0,23%,0.0,Sowhat Mobiles,80%,4,No reviews
173,Tecno,CAMON 20 ,6.67,8.0,256.0,32MP + 64MP + 2MP,Dual,5000.0,30%,0.0,SmartNets Enterprises,74%,249,No reviews
174,Samsung,Galaxy A34 5G ,6.6,6.0,128.0,48MP + 8MP + 5MP + 13MP,Dual,5000.0,0,0.0,Iconcept mobile,94%,103,No reviews
175,XIAOMI,Redmi A2 ,6.52,3.0,64.0,8MP + 5MP,Dual,5000.0,16%,0.0,XIAOMI KE,100%,9268,No reviews
176,Tecno,Spark 10 Pro ,6.8,16.0,256.0,50MP + 2MP + 32MP,Dual,5000.0,33%,0.0,Minestar,86%,1002,No reviews
177,Oppo,A17 ,6.56,4.0,64.0,50MP + 2MP + 5MP,Dual,0.0,46%,0.0,Minestar,86%,1002,No reviews
178,Tecno,Spark 10 Pro ,6.8,16.0,256.0,50MP + 2MP + 32MP,Dual,5000.0,33%,0.0,Minestar,86%,1002,No reviews
179,Oppo,A17K ,6.56,3.0,64.0,8MP + 2MP + 5MP,Dual,5000.0,14%,0.0,Minestar,86%,1002,No reviews
180,Apple,IPhone 15 Pro ,6.1,8.0,256.0,48MP + 12MP + 12MP + 12MP + 12MP,Single,3274.0,0,0.0,CELLTIC CORNER,100%,592,No reviews
181,Tecno,CAMON 20 ,6.67,8.0,256.0,32MP + 64MP + 2MP,Dual,5000.0,30%,0.0,Minestar,86%,1002,No reviews
182,Tecno,Spark 10C ,6.6,8.0,128.0,16MP + 2MP,Dual,5000.0,40%,0.0,Minestar,86%,1002,No reviews
183,Oppo,A18 ,6.56,4.0,128.0,8MP + 2MP + 5MP,Dual,5000.0,32%,0.0,Minestar,86%,1002,No reviews
184,Samsung,Galaxy Note20 Ultra 5G ,6.9,12.0,128.0,108MP + 12MP + 12MP + 10MP,Dual,0.0,21%,0.0,Smart Products Kenya,86%,14,No reviews
185,Samsung,Galaxy A03 Core ,6.5,2.0,32.0,8MP + 5MP,Dual,5000.0,22%,1.0,Superfly,74%,284,No reviews
186,Oppo,A58 ,6.72,6.0,128.0,50MP + 2MP + 8MP,Dual,5000.0,34%,0.0,Minestar,86%,1002,No reviews
187,Samsung,Galaxy A03 Core ,6.5,2.0,32.0,8MP + 5MP,Dual,5000.0,24%,3.5,Superfly,74%,284,No reviews
188,Samsung,Galaxy A14 ,6.6,4.0,64.0,50MP + 2MP + 2MP + 13MP,Dual,5000.0,0,5.0,CELLTIC CORNER,100%,592,No reviews
189,Oppo,Reno 10 5G ,6.7,8.0,256.0,64MP + 32MP + 8MP + 32MP,Dual,5000.0,23%,0.0,CELLINY COLLECTIONS,74%,967,No reviews
190,Samsung,Galaxy F23 5G ,6.6,6.0,128.0,50MP + 8MP + 2MP + 8MP,Dual,5000.0,10%,0.0,Superfly,74%,284,No reviews
191,XIAOMI,Redmi Note 12s ,6.43,8.0,256.0,108MP + 8MP + 2MP + 12MP,Dual,5000.0,5%,0.0,CELLINY COLLECTIONS,74%,967,No reviews
192,Nokia,C1 2nd Edition ,5.45,1.0,16.0,5MP + 5MP,Dual,0.0,25%,0.0,Minestar,86%,1002,No reviews
193,Samsung,Galaxy A24 4G ,6.5,4.0,128.0,50MP + 5MP + 2MP + 13MP,Dual,5000.0,17%,5.0,Iconcept mobile,94%,103,No reviews
194,Oppo,A17K ,6.56,3.0,64.0,8MP + 2MP + 5MP,Dual,5000.0,15%,0.0,Minestar,86%,1002,No reviews
195,Oppo,A98 5G ,6.72,8.0,256.0,64MP + 2MP + 2MP + 32MP,Dual,5000.0,30%,0.0,Minestar,86%,1002,No reviews
196,Tecno,CAMON 20 ,6.67,8.0,256.0,32MP + 64MP + 2MP,Dual,5000.0,29%,0.0,SmartNets Enterprises,74%,249,No reviews
197,Oppo,A17K ,6.56,3.0,64.0,8MP + 2MP + 5MP,Dual,5000.0,12%,0.0,Minestar,86%,1002,No reviews
198,XIAOMI,Redmi 10A ,6.53,4.0,128.0,13MP + 5MP,Dual,5000.0,1%,0.0,Superfly,74%,284,No reviews
199,Infinix,Smart 7 HD ,6.6,2.0,64.0,8MP + 5MP,Dual,5000.0,24%,0.0,Superfly,74%,284,No reviews
200,Oppo,A18 ,6.56,4.0,128.0,8MP + 2MP + 5MP,Dual,5000.0,20%,0.0,Kingsly,74%,287,No reviews
201,Oppo,A58 Display ,6.72,6.0,128.0,0/2MP + 8MP,Dual,5000.0,27%,0.0,Kingsly,74%,287,No reviews
202,Samsung,Galaxy F23 5G ,6.6,6.0,128.0,50MP + 8MP + 2MP + 8MP,Dual,5000.0,10%,4.0,Superfly,74%,284,[ (4 out of 5) latest mobile ]
203,Samsung,Galaxy A03 Core ,6.5,2.0,32.0,8MP + 5MP,Dual,5000.0,32%,3.7,Little Angels,40%,1014,[ (5 out of 5) I like it ]
204,Oppo,A17 ,6.56,4.0,64.0,13MP + 5MP,Dual,5000.0,8%,5.0,Superfly,74%,284,No reviews
205,Tecno,Spark 10 Pro Display ,6.8,8.0,256.0,50MP + 32MP,Dual,5000.0,31%,4.0,Kingsly,74%,287,No reviews
206,XIAOMI,Redmi 12c ,6.71,4.0,128.0,50MP + 0.08MP + 5MP,Dual,5000.0,1%,5.0,KM KENYA ELECTRONICS,80%,1467,No reviews
207,Samsung,Galaxy A04s ,6.5,4.0,128.0,50MP + 2MP + 2MP + 5MP,Dual,5000.0,16%,0.0,Minestar,86%,1002,No reviews
208,XIAOMI,Redmi Note 12 ,6.67,6.0,128.0,50MP + 8MP + 2MP,Dual,0.0,8%,0.0,Superfly,74%,284,No reviews
209,Oppo,Reno10 5G ,6.7,8.0,256.0,64MP + 32MP + 8MP + 32MP,Dual,5000.0,29%,0.0,KM KENYA ELECTRONICS,80%,1467,No reviews
210,Oppo,A17K ,6.56,3.0,64.0,8MP,Dual,5000.0,16%,0.0,KM KENYA ELECTRONICS,80%,1467,No reviews
211,Oppo,Reno10 Pro ,6.7,12.0,256.0,50MP + 32MP + 8MP + 32MP,Dual,4600.0,4%,0.0,KM KENYA ELECTRONICS,80%,1467,No reviews
212,Tecno,Spark 10C ,6.6,8.0,128.0,16MP + 2MP,Dual,5000.0,28%,0.0,Minestar,86%,1002,No reviews
213,Samsung,Galaxy M34 5G ,6.5,6.0,128.0,50MP + 8MP + 2MP + 13MP,Dual,6000.0,27%,0.0,KM KENYA ELECTRONICS,80%,1467,No reviews
214,Samsung,Galaxy A14 ,6.6,4.0,64.0,50MP + 5MP + 2MP + 2MP + 13MP,Dual,5000.0,45%,0.0,Minestar,86%,1002,No reviews
215,Samsung,Galaxy A14 4G ,6.6,4.0,128.0,50MP + 2MP + 2MP + 13MP,Dual,5000.0,14%,0.0,NGALA STORE,94%,123,No reviews
216,Samsung,Galaxy S10 ,6.1,8.0,128.0,948MP,Single,0.0,0,0.0,Jinsheng Digital,50%,4,No reviews
217,Samsung,Galaxy A04s ,6.5,4.0,64.0,50MP + 2MP + 2MP + 5MP,Dual,5000.0,20%,5.0,Avenue Phones,100%,696,No reviews
218,Vivo,Y36 ,6.64,8.0,128.0,50MP + 2MP + 16MP,Dual,5000.0,21%,0.0,CELLINY COLLECTIONS,74%,967,No reviews
219,Samsung,Galaxy A03 Core ,6.5,2.0,32.0,8MP + 5MP,Dual,0.0,25%,0.0,Superfly,74%,284,No reviews
220,Tecno,Pop 7 ,6.6,2.0,64.0,5MP + 8MP,Dual,5000.0,20%,5.0,t markets,98%,3,No reviews
221,XIAOMI,Redmi 10C ,6.7,4.0,128.0,5MP,Dual,0.0,1%,0.0,CELLINY COLLECTIONS,74%,967,No reviews
222,Realme,C55 ,6.72,6.0,128.0,64MP,Dual,5000.0,10%,0.0,CELLINY COLLECTIONS,74%,967,No reviews
223,XIAOMI,Redmi 10C ,6.7,4.0,64.0,5MP,Dual,0.0,8%,0.0,CELLINY COLLECTIONS,74%,967,No reviews
224,Infinix,Hot 30 ,6.78,8.0,256.0,50MP + 8MP,Dual,5000.0,8%,0.0,Minestar,86%,1002,No reviews
225,Oppo,A58 ,6.72,8.0,128.0,50MP + 2MP + 8MP,Dual,5000.0,25%,0.0,Minestar,86%,1002,No reviews
226,Tecno,Spark 10 Pro ,6.6,8.0,128.0,50MP + 32MP,Dual,5000.0,22%,0.0,Kingsly,74%,287,No reviews
227,Tecno,Spark 10 Pro ,6.8,16.0,256.0,50MP + 32MP,Dual,5000.0,20%,0.0,VANTON TECH,60%,150,No reviews
228,Infinix,Smart 7 HD ,6.6,2.0,64.0,8MP + 5MP,Dual,5000.0,31%,4.0,Little Angels,40%,1014,[ (5 out of 5) jumia ]
229,Tecno,CAMON 20 ,6.67,8.0,256.0,32MP + 64MP + 2MP,Dual,5000.0,28%,0.0,SmartNets Enterprises,74%,249,No reviews
230,Samsung,Galaxy Note20 Ultra 5G ,6.9,12.0,128.0,108MP + 12MP + 12MP + 10MP,Dual,0.0,21%,0.0,Smart Products Kenya,86%,14,No reviews
231,Samsung,Galaxy A04 ,6.5,4.0,64.0,50MP + 2MP + 2MP + 5MP,Dual,5000.0,32%,3.5,CELLINY COLLECTIONS,74%,967,"[ (4 out of 5) Good ], [ (2 out of 5) Always need to reboot when turned on ], [ (3 out of 5) I like it ]"
232,Nokia,C32 ,6.5,11.0,64.0,50MP + 2MP + 8MP,Dual,0.0,7%,0.0,Minestar,86%,1002,No reviews
233,Samsung,Galaxy A14 ,6.6,4.0,64.0,50MP + 5MP + 2MP + 2MP + 13MP,Dual,5000.0,23%,5.0,Superfly,74%,284,No reviews
234,Samsung,Galaxy A03 Core ,6.5,2.0,32.0,8MP + 5MP,Dual,5000.0,24%,3.5,Superfly,74%,284,No reviews
235,Realme,C55 ,6.72,8.0,256.0,64MP,Dual,5000.0,10%,0.0,CELLINY COLLECTIONS,74%,967,No reviews
236,Realme,C33 ,6.5,4.0,128.0,50MP + 5MP,Dual,5000.0,16%,4.6,Minestar,86%,1002,[ (5 out of 5) its a good phone ]
237,Tecno,Spark 10 Pro ,6.8,24.0,128.0,50MP + 32MP,Dual,0.0,21%,5.0,KM KENYA ELECTRONICS,80%,1467,No reviews
238,Nokia,C12 ,6.3,2.0,64.0,8MP + 5MP,Dual,3000.0,18%,0.0,SmartNets Enterprises,74%,249,No reviews
239,Tecno,Pop 7 Pro Display ,6.56,4.0,64.0,13MP + 5MP,Dual,5000.0,24%,0.0,Kingsly,74%,287,No reviews
240,Oppo,Reno 8 4G ,6.43,8.0,256.0,2MP + 32MP,Dual,4500.0,25%,0.0,CELLINY COLLECTIONS,74%,967,No reviews
241,Infinix,Hot 30 Play ,6.82,8.0,128.0,16MP + 8MP,Dual,6000.0,34%,0.0,Minestar,86%,1002,No reviews
242,Infinix,HOT 12 Display ,6.82,4.0,128.0,13MP + 8MP,Dual,5000.0,20%,3.5,Kingsly,74%,287,No reviews
243,Tecno,Pop 7 Pro Disp ,6.56,3.0,64.0,13MP + 5MP,Dual,5000.0,16%,0.0,Kingsly,74%,287,No reviews
244,Tecno,CAMON 20 Pro 4G Mr Doodle Edition Night ,6.67,16.0,256.0,32MP + 64MP,Dual,5000.0,20%,0.0,CELLINY COLLECTIONS,74%,967,No reviews
245,XIAOMI,REDMI A2 PLUS ,6.52,2.0,32.0,8MP + 5MP,Dual,0.0,23%,0.0,CELLINY COLLECTIONS,74%,967,No reviews
246,Infinix,Smart 7 HD ,6.6,2.0,64.0,8MP + 5MP,Dual,5000.0,32%,5.0,Little Angels,40%,1014,No reviews
247,Nokia,C12 ,6.3,2.0,64.0,8MP + 5MP,Dual,3000.0,21%,0.0,SmartNets Enterprises,74%,249,No reviews
248,Samsung,Galaxy A14 ,6.6,4.0,64.0,50MP + 5MP + 2MP + 2MP + 13MP,Dual,5000.0,45%,0.0,Minestar,86%,1002,No reviews
249,Infinix,Hot 30 Play ,6.82,8.0,128.0,16MP + 8MP,Dual,6000.0,24%,0.0,Superfly,74%,284,No reviews
250,Samsung,Galaxy Z Flip5 ,6.7,8.0,256.0,12MP + 12MP + 10MP,Dual,3700.0,0,0.0,CELLTIC CORNER,100%,592,No reviews
251,Realme,C33 ,6.5,4.0,128.0,50MP + 5MP,Dual,5000.0,19%,0.0,Minestar,86%,1002,No reviews
252,Tecno,Pop 6 ,6.1,2.0,32.0,5MP + 5MP,Dual,5000.0,3%,0.0,Little Angels,40%,1014,No reviews
253,Samsung,Galaxy A24 4G ,6.5,4.0,128.0,50MP + 5MP + 2MP + 13MP,Dual,5000.0,20%,0.0,CELLINY COLLECTIONS,74%,967,No reviews
254,Realme,C33 ,6.5,4.0,128.0,50MP + 5MP,Dual,5000.0,25%,0.0,SmartNets Enterprises,74%,249,No reviews
255,Samsung,Galaxy M33 5G ,6.6,6.0,128.0,50MP + 5MP + 2MP + 2MP + 8MP,Dual,6000.0,10%,0.0,NOVA PHONES,80%,1277,No reviews
256,Infinix,NOTE 30 VIP ,6.67,8.0,256.0,109MP + 2MP,Dual,0.0,1%,0.0,SmartNets Enterprises,74%,249,No reviews
257,Realme,C33 ,6.5,4.0,128.0,50MP + 5MP,Dual,5000.0,23%,0.0,SmartNets Enterprises,74%,249,No reviews
258,Vivo,Y36 ,6.64,8.0,128.0,50MP + 2MP + 16MP,Dual,5000.0,24%,0.0,CELLINY COLLECTIONS,74%,967,No reviews
259,Nokia,C1 2nd Edition ,5.45,1.0,16.0,5MP + 5MP,Dual,0.0,25%,0.0,Minestar,86%,1002,No reviews
260,Samsung,Galaxy A04s ,6.5,4.0,64.0,50MP + 2MP + 2MP + 5MP,Dual,5000.0,1%,0.0,t markets,98%,3,No reviews
261,Tecno,CAMON 20 ,6.67,8.0,256.0,32MP + 64MP + 2MP,Dual,5000.0,29%,0.0,SmartNets Enterprises,74%,249,No reviews
262,XIAOMI,Redmi 10A ,6.53,4.0,128.0,13MP + 5MP,Dual,5000.0,1%,0.0,Superfly,74%,284,No reviews
263,Oppo,A78 4G ,6.43,8.0,256.0,50MP + 8MP,Dual,5000.0,30%,0.0,CELLINY COLLECTIONS,74%,967,No reviews
264,Oppo,A18 ,6.56,4.0,128.0,8MP + 2MP + 5MP,Dual,5000.0,31%,0.0,SmartNets Enterprises,74%,249,No reviews
265,XIAOMI,Redmi A2 ,6.52,2.0,32.0,8MP + 5MP,Dual,5000.0,26%,0.0,MNI NabŘi Dealers,60%,17,No reviews
266,Samsung,Galaxy F23 5G ,6.6,6.0,128.0,50MP + 8MP + 2MP + 8MP,Dual,5000.0,10%,4.0,Superfly,74%,284,[ (4 out of 5) latest mobile ]
267,Realme,C33 ,6.5,4.0,128.0,50MP + 5MP,Dual,5000.0,19%,5.0,Minestar,86%,1002,No reviews
268,Tecno,Spark 10 Pro ,6.8,8.0,128.0,50MP + 2MP + 32MP,Dual,5000.0,16%,4.0,Superfly,74%,284,No reviews
269,Realme,C33 ,6.5,4.0,128.0,50MP + 5MP,Dual,5000.0,18%,0.0,Minestar,86%,1002,No reviews
270,Tecno,Spark 10C ,6.6,8.0,128.0,16MP + 2MP,Dual,5000.0,41%,0.0,Minestar,86%,1002,No reviews
271,Tecno,Spark 10 Pro ,6.8,8.0,256.0,50MP + 32MP,Dual,5000.0,33%,5.0,Kingsly,74%,287,[ (5 out of 5) storage ]
272,Oppo,A58 ,6.72,6.0,128.0,50MP + 2MP + 8MP,Dual,5000.0,36%,0.0,Minestar,86%,1002,No reviews
273,XIAOMI,Redmi Note 12 ,6.67,8.0,128.0,50MP + 8MP + 2MP,Dual,0.0,21%,4.0,SmartNets Enterprises,74%,249,No reviews
274,Nokia,C12 ,6.3,2.0,64.0,8MP + 5MP,Dual,3000.0,21%,0.0,SmartNets Enterprises,74%,249,No reviews
275,Samsung,Galaxy F04 ,6.5,4.0,64.0,13MP + 2MP + 5MP,Dual,5000.0,43%,0.0,KM KENYA ELECTRONICS,80%,1467,No reviews
276,Nokia,C1 2nd Edition ,5.45,1.0,16.0,5MP + 5MP,Dual,0.0,25%,0.0,Minestar,86%,1002,No reviews
277,Oppo,A98 5G ,6.72,8.0,256.0,64MP + 2MP + 2MP + 32MP,Dual,5000.0,13%,0.0,Amira Store,100%,219,No reviews
278,Oppo,A98 5G ,6.72,8.0,256.0,64MP + 2MP + 2MP + 32MP,Dual,5000.0,30%,0.0,Minestar,86%,1002,No reviews
279,Tecno,CAMON 20 ,6.67,8.0,256.0,32MP + 64MP + 2MP,Dual,5000.0,29%,0.0,SmartNets Enterprises,74%,249,No reviews
280,XIAOMI,Redmi 10A ,6.53,4.0,128.0,13MP + 5MP,Dual,5000.0,1%,0.0,Superfly,74%,284,No reviews
281,Oppo,A18 ,6.56,4.0,128.0,8MP + 2MP + 5MP,Dual,5000.0,20%,0.0,Kingsly,74%,287,No reviews
282,Tecno,Spark 10C ,6.6,4.0,128.0,16MP + 2MP,Dual,5000.0,30%,0.0,Marcus shop,94%,15,No reviews
283,Tecno,Spark 10c ,6.6,12.0,128.0,16MP + 8MP,Dual,5000.0,44%,5.0,KM KENYA ELECTRONICS,80%,1467,No reviews
284,Samsung,Galaxy A03 Core ,6.5,2.0,32.0,8MP + 5MP,Dual,5000.0,32%,3.7,Little Angels,40%,1014,[ (5 out of 5) I like it ]
285,Nokia,C32 ,6.5,11.0,64.0,50MP + 2MP + 8MP,Dual,0.0,9%,0.0,Minestar,86%,1002,No reviews
286,Nokia,C1 2nd Edition ,5.45,1.0,16.0,5MP + 5MP,Dual,0.0,28%,0.0,Superfly,74%,284,No reviews
287,Infinix,Hot 30 Play ,6.82,8.0,128.0,16MP + 8MP,Dual,6000.0,22%,3.0,CELLINY COLLECTIONS,74%,967,No reviews
288,Realme,C55 ,6.72,8.0,256.0,64MP,Dual,5000.0,25%,5.0,Minestar,86%,1002,No reviews
289,Samsung,Galaxy S10 Plus Renewed ,6.4,8.0,128.0,76MP + 12MP + 12MP + 16MP + 10MP + 8MP,Single,4100.0,0,0.0,Badili Phones,66%,110,No reviews
290,Oppo,F11 Renewed ,6.5,6.0,64.0,72MP + 48MP + 5MP + 16MP,Dual,4020.0,0,0.0,Badili Phones,66%,110,No reviews
291,XIAOMI,Redmi 12 ,6.79,4.0,128.0,50MP + 8MP + 2MP + 8MP,Dual,5000.0,27%,0.0,SmartNets Enterprises,74%,249,No reviews
292,Tecno,Spark 10 ,6.6,16.0,128.0,50MP + 8MP + 50MP,Dual,5000.0,23%,0.0,Minestar,86%,1002,No reviews
293,Samsung,Galaxy A04s ,6.5,4.0,64.0,50MP + 2MP + 2MP + 5MP,Dual,5000.0,19%,0.0,Minestar,86%,1002,No reviews
294,Infinix,NOTE 30 ,6.66,8.0,256.0,64MP + 2MP,Dual,0.0,47%,0.0,CELLINY COLLECTIONS,74%,967,No reviews
295,XIAOMI,Redmi A2 ,6.52,3.0,64.0,8MP + 5MP,Dual,5000.0,20%,0.0,SmartNets Enterprises,74%,249,No reviews
296,Tecno,Spark 9PRO ,6.6,4.0,128.0,50MP + 32MP,Dual,5000.0,43%,0.0,CELLINY COLLECTIONS,74%,967,No reviews
297,Samsung,Galaxy A04e ,6.5,3.0,32.0,13MP + 2MP + 5MP,Dual,0.0,29%,0.0,Minestar,86%,1002,No reviews
298,Infinix,NOTE 30 ,6.66,8.0,256.0,64MP + 2MP,Dual,0.0,38%,0.0,SmartNets Enterprises,74%,249,No reviews
299,Samsung,Galaxy A24 4G ,6.5,6.0,128.0,50MP + 5MP + 2MP + 13MP,Dual,5000.0,22%,0.0,CELLINY COLLECTIONS,74%,967,No reviews
300,Samsung,Galaxy A03 Core ,6.5,2.0,32.0,8MP + 5MP,Dual,5000.0,23%,4.0,KM KENYA ELECTRONICS,80%,1467,"[ (2 out of 5) Network poor. I hate it ], [ (5 out of 5) Good one ], [ (5 out of 5) Love it! ], [ (3 out of 5) I like it ]"
301,Nokia,C12 ,6.3,2.0,64.0,8MP + 5MP,Dual,3000.0,2%,0.0,Superfly,74%,284,No reviews
302,Infinix,Hot 30 Play ,6.82,8.0,128.0,16MP + 8MP,Dual,6000.0,22%,0.0,CELLINY COLLECTIONS,74%,967,No reviews
303,Oppo,A17 ,6.56,4.0,64.0,13MP + 5MP,Dual,5000.0,5%,0.0,Superfly,74%,284,No reviews
304,Oppo,A15s Renewed ,6.52,4.0,64.0,13MP + 2MP + 2MP + 8MP,Dual,4230.0,13%,0.0,Badili Phones,66%,110,No reviews
305,Infinix,Smart 7 HD ,6.6,2.0,64.0,8MP + 5MP,Dual,5000.0,32%,5.0,Little Angels,40%,1014,[ (5 out of 5) I like it. ]
306,Tecno,CAMON 20 Pro ,6.67,8.0,256.0,32MP + 64MP,Dual,5000.0,26%,5.0,Minestar,86%,1002,No reviews
307,Tecno,Spark 10 ,6.6,16.0,128.0,50MP + 8MP + 50MP,Dual,5000.0,24%,0.0,Minestar,86%,1002,No reviews
308,Tecno,Pop 6 ,6.1,2.0,32.0,5MP + 5MP,Dual,5000.0,15%,5.0,Little Angels,40%,1014,No reviews
309,Tecno,Spark 10 Pro Display ,6.8,8.0,128.0,50MP + 32MP,Dual,5000.0,22%,0.0,Kingsly,74%,287,No reviews
310,Samsung,Galaxy A03 Core ,6.5,2.0,32.0,8MP + 5MP,Dual,5000.0,0,0.0,midland electronics,100%,18,No reviews
311,Realme,C55 ,6.72,6.0,128.0,64MP,Dual,5000.0,10%,0.0,SmartNets Enterprises,74%,249,No reviews
312,Samsung,Galaxy A24 4G ,6.5,4.0,128.0,50MP + 5MP + 2MP + 13MP,Dual,0.0,10%,0.0,Superfly,74%,284,No reviews
313,Infinix,Hot 30 Play ,6.82,8.0,128.0,16MP + 8MP,Dual,6000.0,37%,0.0,Minestar,86%,1002,No reviews
314,Infinix,Hot 30 Play ,6.82,8.0,128.0,16MP + 8MP,Dual,6000.0,8%,0.0,NGALA STORE,94%,123,No reviews
315,Infinix,NOTE 30 VIP ,6.67,8.0,256.0,109MP + 2MP,Dual,0.0,1%,0.0,SmartNets Enterprises,74%,249,No reviews
316,Oppo,Reno 7 5G ,6.43,8.0,256.0,2MP + 32MP,Dual,4500.0,20%,0.0,Minestar,86%,1002,No reviews
317,Vivo,Y36 ,6.64,8.0,128.0,50MP + 2MP + 16MP,Dual,5000.0,21%,0.0,CELLINY COLLECTIONS,74%,967,No reviews
318,Realme,C30s Display ,6.5,2.0,32.0,8MP + 5MP,Dual,5000.0,5%,0.0,VANTON TECH,60%,150,No reviews
319,Samsung,Galaxy A24 ,6.5,6.0,128.0,50MP + 5MP + 2MP + 13MP,Dual,5000.0,32%,0.0,Minestar,86%,1002,No reviews
320,Tecno,CAMON 20 ,6.67,8.0,256.0,32MP + 64MP + 2MP,Dual,5000.0,26%,0.0,SmartNets Enterprises,74%,249,No reviews
321,Infinix,Hot 30i ,6.6,4.0,128.0,13MP + 8MP,Dual,5000.0,16%,0.0,Superfly,74%,284,No reviews
322,XIAOMI,Redmi A2 ,6.52,2.0,32.0,8MP + 5MP,Dual,5000.0,12%,0.0,Superfly,74%,284,No reviews
323,Infinix,NOTE 30 VIP ,6.67,8.0,256.0,109MP + 2MP,Dual,0.0,1%,0.0,SmartNets Enterprises,74%,249,No reviews
324,Infinix,NOTE 30 ,6.66,8.0,256.0,64MP + 2MP,Dual,0.0,38%,0.0,SmartNets Enterprises,74%,249,No reviews
325,Tecno,POP 7 Pro ,6.6,11.0,64.0,5MP + 13MP,Dual,0.0,30%,0.0,KM KENYA ELECTRONICS,80%,1467,No reviews
326,Samsung,Galaxy M13 ,6.6,6.0,128.0,50MP + 5MP + 2MP + 8MP,Dual,0.0,5%,0.0,Superfly,74%,284,No reviews
327,Samsung,Galaxy A14 ,6.6,4.0,64.0,50MP + 5MP + 2MP + 2MP + 13MP,Dual,5000.0,29%,5.0,Superfly,74%,284,No reviews
328,Infinix,Hot 30 Play ,6.82,8.0,128.0,16MP + 8MP,Dual,6000.0,22%,0.0,CELLINY COLLECTIONS,74%,967,No reviews
329,Oppo,A17 ,6.56,4.0,64.0,13MP + 5MP,Dual,5000.0,5%,0.0,Superfly,74%,284,No reviews
330,Oppo,A15s Renewed ,6.52,4.0,64.0,13MP + 2MP + 2MP + 8MP,Dual,4230.0,13%,0.0,Badili Phones,66%,110,No reviews
331,Samsung,Galaxy A24 4G ,6.5,4.0,128.0,50MP + 5MP + 2MP + 13MP,Dual,5000.0,29%,0.0,CELLINY COLLECTIONS,74%,967,No reviews
332,Samsung,Galaxy M13 SCREEN SIZE ,6.6,6.0,128.0,50MP + 5MP + 2MP + 8MP,Dual,0.0,11%,5.0,Superfly,74%,284,[ (5 out of 5) Happy customer. ]
333,Infinix,Hot 30 Play ,6.82,8.0,128.0,16MP + 8MP,Dual,6000.0,43%,0.0,Minestar,86%,1002,No reviews
334,Tecno,CAMON 20 Pro ,6.67,8.0,256.0,32MP + 64MP,Dual,5000.0,26%,5.0,Minestar,86%,1002,No reviews
335,Infinix,NOTE 30 ,6.66,8.0,256.0,64MP + 2MP,Dual,0.0,40%,0.0,CELLINY COLLECTIONS,74%,967,No reviews
336,Samsung,Galaxy A03 Core Disp ,6.5,2.0,32.0,8MP + 5MP,Dual,5000.0,41%,5.0,Kingsly,74%,287,No reviews
337,Gionee,F6 ,5.7,3.0,32.0,13MP + 2MP + 8MP,Dual,2970.0,0,0.0,3C Market,60%,2,No reviews
338,Oppo,A16k ,6.52,4.0,64.0,13MP + 5MP,Dual,4230.0,21%,0.0,CELLINY COLLECTIONS,74%,967,No reviews
339,XIAOMI,Redmi 12C ,6.71,3.0,64.0,50MP + 5MP,Dual,5000.0,10%,0.0,SmartNets Enterprises,74%,249,No reviews
340,Infinix,Smart 7 HD ,6.6,2.0,64.0,8MP + 5MP,Dual,5000.0,22%,0.0,Superfly,74%,284,No reviews
341,XIAOMI,Redmi 12C ,6.71,3.0,64.0,50MP + 5MP,Dual,5000.0,10%,0.0,SmartNets Enterprises,74%,249,No reviews
342,Oppo,Reno 10 5G ,6.7,8.0,256.0,64MP + 32MP + 8MP + 32MP,Dual,5000.0,19%,0.0,SmartNets Enterprises,74%,249,No reviews
343,Apple,one 14 Pro Max ,6.7,6.0,256.0,12MP + 12MP,Single,4323.0,32%,0.0,Brybell Master Ltd,50%,16,No reviews
344,Oppo,A58 ,6.72,6.0,128.0,50MP + 2MP + 8MP,Dual,5000.0,35%,0.0,Minestar,86%,1002,No reviews
345,Infinix,Hot 30i ,6.6,4.0,128.0,13MP + 8MP,Dual,5000.0,13%,0.0,Superfly,74%,284,No reviews
346,Nokia,C31 ,6.75,4.0,64.0,13MP + 2MP + 5MP,Dual,0.0,19%,0.0,Superfly,74%,284,No reviews
347,Infinix,NOTE 30 ,6.66,8.0,256.0,64MP + 2MP,Dual,0.0,25%,0.0,CELLINY COLLECTIONS,74%,967,No reviews
348,Samsung,Galaxy A04s ,6.5,4.0,128.0,50MP + 2MP + 2MP + 5MP,Dual,0.0,25%,0.0,Superfly,74%,284,No reviews
349,Realme,C21Y ,6.5,3.0,32.0,13MP + 5MP,Dual,5000.0,21%,0.0,PAFEL MALL,50%,23,No reviews
350,Infinix,Hot 30i ,6.6,4.0,128.0,13MP + 8MP,Dual,5000.0,12%,0.0,Superfly,74%,284,No reviews
351,Samsung,A03 Core ,6.5,2.0,32.0,8MP + 5MP,Dual,5000.0,1%,0.0,Kattason enterprise,94%,291,No reviews
352,Tecno,Spark 10 Pro ,6.8,8.0,128.0,50MP + 2MP + 32MP,Dual,5000.0,4%,5.0,SmartNets Enterprises,74%,249,No reviews
353,Samsung,Galaxy A24 4G ,6.5,6.0,128.0,50MP + 5MP + 2MP + 13MP,Dual,5000.0,22%,0.0,CELLINY COLLECTIONS,74%,967,No reviews
354,Samsung,Galaxy A04e ,6.5,3.0,32.0,13MP + 2MP + 5MP,Dual,5000.0,32%,0.0,KM KENYA ELECTRONICS,80%,1467,No reviews
355,Realme,C55 ,6.72,6.0,128.0,64MP,Dual,5000.0,10%,0.0,CELLINY COLLECTIONS,74%,967,No reviews
356,Oppo,A17 ,6.56,4.0,64.0,13MP + 5MP,Dual,5000.0,8%,5.0,Superfly,74%,284,No reviews
357,Tecno,Spark 10 Pro Display ,6.8,8.0,256.0,50MP + 32MP,Dual,5000.0,31%,4.0,Kingsly,74%,287,No reviews
358,Infinix,Smart 7 HD ,6.6,2.0,64.0,8MP + 5MP,Dual,5000.0,31%,4.0,Little Angels,40%,1014,[ (5 out of 5) jumia ]
359,XIAOMI,Redmi Note 12 ,6.67,6.0,128.0,50MP + 8MP + 2MP,Dual,0.0,8%,0.0,Superfly,74%,284,No reviews
360,Tecno,CAMON 20 ,6.67,8.0,256.0,32MP + 64MP + 2MP,Dual,5000.0,28%,0.0,SmartNets Enterprises,74%,249,No reviews
361,Oppo,Reno10 5G ,6.7,8.0,256.0,64MP + 32MP + 8MP + 32MP,Dual,5000.0,29%,0.0,KM KENYA ELECTRONICS,80%,1467,No reviews
362,Infinix,NOTE 12 VIP ,6.67,8.0,256.0,108MP + 13MP + 2MP + 16MP,Dual,4500.0,17%,0.0,CELLINY COLLECTIONS,74%,967,No reviews
363,Infinix,Note 12i ,6.82,4.0,128.0,50MP + 2MP + 2MP + 8MP,Dual,5000.0,28%,0.0,SmartNets Enterprises,74%,249,No reviews
364,Tecno,Spark 10 Pro ,6.8,16.0,256.0,50MP + 2MP + 32MP,Dual,5000.0,33%,0.0,Minestar,86%,1002,No reviews
365,Oppo,Reno 10 5G ,6.7,8.0,256.0,64MP + 32MP + 8MP + 32MP,Dual,5000.0,33%,0.0,Minestar,86%,1002,No reviews
366,Oppo,A16k ,6.52,4.0,64.0,13MP + 5MP,Dual,4230.0,0,5.0,jkam,46%,11,No reviews
367,Samsung,Galaxy M33 5G ,6.6,6.0,128.0,50MP + 5MP + 2MP + 2MP + 8MP,Dual,6000.0,10%,4.7,NOVA PHONES,80%,1277,No reviews
368,XIAOMI,Redmi Note 12 ,6.67,6.0,128.0,50MP + 8MP + 2MP,Dual,0.0,21%,0.0,Minestar,86%,1002,No reviews
369,Samsung,Galaxy A04E ,6.5,3.0,32.0,50MP + 2MP + 5MP,Dual,0.0,36%,5.0,MNI NabŘi Dealers,60%,17,No reviews
370,Infinix,NOTE 30 ,6.66,8.0,256.0,64MP + 2MP,Dual,0.0,29%,3.0,CELLINY COLLECTIONS,74%,967,No reviews
371,Samsung,Galaxy S9 S9 Plus ,6.2,6.0,64.0,12MP,Single,0.0,43%,4.5,FashionYuyu,100%,146,No reviews
372,Samsung,Galaxy A14 ,6.6,4.0,64.0,50MP + 5MP + 2MP + 2MP + 13MP,Dual,5000.0,29%,0.0,Superfly,74%,284,No reviews
373,Oppo,A18 ,6.56,4.0,128.0,8MP + 2MP + 5MP,Dual,5000.0,21%,0.0,Kingsly,74%,287,No reviews
374,Realme,C55 ,6.72,6.0,128.0,64MP,Dual,5000.0,10%,0.0,CELLINY COLLECTIONS,74%,967,No reviews
375,Tecno,Spark 10 Disp ,6.6,8.0,128.0,50MP + 8MP,Dual,5000.0,32%,0.0,Kingsly,74%,287,No reviews
376,Tecno,Camon 20 ,6.67,16.0,256.0,32MP + 64MP + 2MP,Dual,0.0,15%,0.0,Little Angels,40%,1014,No reviews
377,Tecno,Camon 20 ,6.67,16.0,256.0,32MP + 64MP + 2MP,Dual,0.0,17%,0.0,Little Angels,40%,1014,No reviews
378,XIAOMI,Redmi 10C ,6.7,4.0,64.0,5MP,Dual,0.0,8%,1.0,CELLINY COLLECTIONS,74%,967,[ (1 out of 5) Lies not actually 10c ]
379,Vivo,Y17s ,6.64,8.0,128.0,50MP + 2MP + 16MP,Dual,5000.0,21%,0.0,CELLINY COLLECTIONS,74%,967,No reviews
380,Oppo,A78 4G ,6.43,8.0,256.0,50MP + 8MP,Dual,5000.0,30%,0.0,CELLINY COLLECTIONS,74%,967,No reviews
381,XIAOMI,Redmi Note 12s 4G ,6.43,8.0,256.0,108MP + 8MP + 2MP + 12MP,Dual,5000.0,13%,0.0,CELLINY COLLECTIONS,74%,967,No reviews
382,Oppo,A7 ,6.2,3.0,64.0,3+2MP + 16MP,Dual,4230.0,0,0.0,Bonucci,New,4,No reviews
383,Samsung,Galaxy A04s ,6.5,4.0,128.0,50MP + 2MP + 2MP + 5MP,Dual,0.0,22%,0.0,Superfly,74%,284,No reviews
384,Samsung,Galaxy M33 5G ,6.6,6.0,128.0,50MP + 5MP + 2MP + 2MP + 8MP,Dual,6000.0,31%,0.0,Sysnex,86%,27,No reviews
385,Oppo,A17K ,6.56,3.0,64.0,8MP + 2MP + 5MP,Dual,5000.0,16%,0.0,Minestar,86%,1002,No reviews
386,Tecno,CAMON 20 ,6.67,8.0,256.0,32MP + 64MP + 2MP,Dual,5000.0,29%,0.0,Minestar,86%,1002,No reviews
387,Tecno,CAMON 20 Pro ,6.67,8.0,256.0,32MP + 64MP,Dual,5000.0,11%,0.0,SmartNets Enterprises,74%,249,No reviews
